{
    "panic": {
        "w": {
            "sma": -3.0050641237631837,
            "ema": 9.902944056508556,
            "rsi": -0.7671558703396433,
            "macd": 4.863910027813515,
            "adx": 6.45392699920081,
            "trix": 6.678700333855266,
            "slope": -3.726681007095001,
            "vol": 5.144169127422735,
            "atr": -9.186589343325709,
            "vix": -7.897406665640198,
            "yc": -7.116304237526671
        },
        "a": {
            "sma": true,
            "ema": true,
            "rsi": true,
            "macd": true,
            "adx": true,
            "trix": true,
            "slope": false,
            "vol": true,
            "atr": true,
            "vix": false,
            "yc": true
        },
        "t": 33.83766228711775,
        "lookbacks": {
            "sma": 104,
            "ema": 254,
            "rsi": 5,
            "macd_f": 36,
            "macd_s": 120,
            "adx": 42,
            "trix": 82,
            "slope": 196,
            "vol": 156,
            "atr": 49
        }
    },
    "bull": {
        "w": {
            "sma": 5.8960806174846265,
            "ema": 10.02175495556108,
            "rsi": 5.575641550266413,
            "macd": 10.55780031686022,
            "adx": 2.3615522298419913,
            "trix": 10.767337525101762,
            "slope": -6.351383055763419,
            "vol": -5.00807581158317,
            "atr": -3.297507673180934,
            "vix": -1.820476035531656,
            "yc": -5.792751294169303
        },
        "a": {
            "sma": false,
            "ema": true,
            "rsi": true,
            "macd": true,
            "adx": false,
            "trix": true,
            "slope": true,
            "vol": false,
            "atr": true,
            "vix": true,
            "yc": true
        },
        "t": -20.577202166978672,
        "lookbacks": {
            "sma": 46,
            "ema": 277,
            "rsi": 82,
            "macd_f": 42,
            "macd_s": 120,
            "adx": 97,
            "trix": 69,
            "slope": 5,
            "vol": 75,
            "atr": 18
        }
    },
    "lock_days": 7.70191758629751,
    "version": 4.0
}