{
  "sniper": {
    "w": {
      "sma": -0.6789076233464746,
      "ema": 1.815063683988088,
      "rsi": -5.682966065255479,
      "macd": -2.0638926074644153,
      "adx": -3.3729743782946793,
      "trix": 3.3102275153311678,
      "slope": -3.6286266872983717,
      "vol": 4.143182926591355,
      "atr": 1.7489843340052837,
      "vix": -2.9559603945489736,
      "yc": -1.6170523148598195
    },
    "a": {
      "sma": false,
      "ema": true,
      "rsi": true,
      "macd": false,
      "adx": true,
      "trix": true,
      "slope": true,
      "vol": true,
      "atr": true,
      "vix": true,
      "yc": true
    },
    "t_low": 1.422515924895301,
    "t_high": 1.958378093078216,
    "lookbacks": {
      "sma": 72,
      "ema": 35,
      "rsi": 50,
      "macd_f": 25,
      "macd_s": 26,
      "adx": 44,
      "trix": 5,
      "slope": 6,
      "vol": 5,
      "atr": 20
    }
  },
  "lock_days": 5.82541873330179,
  "version": 5.0
}