{
    "sniper": {
        "w": {
            "sma": -1.4340264961103357,
            "ema": 1.5801128905667117,
            "rsi": -6.005777838900949,
            "macd": -2.989547763674893,
            "adx": -4.280875156786498,
            "trix": 3.8030232606448595,
            "slope": -3.4736560470807833,
            "vol": 3.624599907420596,
            "atr": 1.7640485494105,
            "vix": -2.308467702575835,
            "yc": -2.6917442937048066
        },
        "a": {
            "sma": false,
            "ema": true,
            "rsi": true,
            "macd": false,
            "adx": true,
            "trix": true,
            "slope": true,
            "vol": true,
            "atr": true,
            "vix": true,
            "yc": true
        },
        "t_low": 1.422515924895301,
        "t_high": 1.958378093078216,
        "lookbacks": {
            "sma": 72,
            "ema": 33,
            "rsi": 50,
            "macd_f": 21,
            "macd_s": 26,
            "adx": 44,
            "trix": 5,
            "slope": 6,
            "vol": 5,
            "atr": 17
        }
    },
    "lock_days": 5.82541873330179,
    "version": "v5_sniper"
}