{
    "sma": 315,
    "min_b_days": 5,
    "bounds_p": [
        5,
        39.17953549727194,
        78.52472984166647
    ],
    "weights_p": [
        [
            0.8531849575666072,
            0.37600121081156085,
            0.9331102471482302
        ],
        [
            0,
            0,
            0.4435163167404996
        ],
        [
            0.7935073248115319,
            0.006107993804492957,
            0.07243163138152199
        ],
        [
            0.43396608427088856,
            0.8220792981761526,
            0.5203113647274074
        ]
    ],
    "version": "v1_manual"
}