{
    "sma": 315,
    "min_b_days": 13,
    "bounds_p": [
        8.769041369673067,
        35.79087619489453,
        73.49065942761693
    ],
    "weights_p": [
        [
            0.8591576055381205,
            0.2903876804914299,
            0.8118320149767463
        ],
        [
            0,
            0,
            0.7566470295964833
        ],
        [
            0.21220714781797131,
            0.43092125161185885,
            0.8517875305785125
        ],
        [
            0.19031005956240604,
            0.9969977407488527,
            0.9999382581240271
        ]
    ],
    "version": "v1_manual"
}