{
    "sma": 315,
    "min_b_days": 8,
    "bounds_p": [
        5,
        36.16972056781686,
        86.85419270336857
    ],
    "weights_p": [
        [
            0.25576533096743415,
            0.7715848158453649,
            0.5548085191001733
        ],
        [
            0.9963999625425578,
            1.0,
            1.0
        ],
        [
            0.741288773249662,
            0.26558545160118824,
            0.43937137269191534
        ],
        [
            0.6997273732676225,
            0.8952271682099794,
            0.2679320887480868
        ]
    ],
    "version": "v1_manual"
}