{
  "panic": {
    "w": {
      "sma": -1.9077689860539497,
      "ema": 1.7449673380333148,
      "rsi": -1.856315674096634,
      "macd": -0.016259074827188913,
      "adx": -3.138628994854472,
      "trix": -1.5118923503046144,
      "slope": -0.47076141558345264,
      "vol": 1.059402167957343,
      "atr": -0.5056368890159999,
      "vix": 1.4188617746956151,
      "yc": 2.275904647317271
    },
    "a": {
      "sma": true,
      "ema": true,
      "rsi": false,
      "macd": false,
      "adx": true,
      "trix": true,
      "slope": true,
      "vol": false,
      "atr": false,
      "vix": false,
      "yc": true
    },
    "t": 0.9581978219580395
  },
  "3x": {
    "w": {
      "sma": -0.22506859821333763,
      "ema": -4.414379098195242,
      "rsi": 3.6305060707767582,
      "macd": -3.5543540325420833,
      "adx": -1.6243820512887794,
      "trix": -0.9393259526035282,
      "slope": -3.9314952555722478,
      "vol": -4.669295589178796,
      "atr": 1.246423487291683,
      "vix": -0.44983482659748353,
      "yc": -2.4845040820107793
    },
    "a": {
      "sma": false,
      "ema": true,
      "rsi": false,
      "macd": false,
      "adx": false,
      "trix": false,
      "slope": false,
      "vol": false,
      "atr": true,
      "vix": false,
      "yc": true
    },
    "t": -1.1309235188471691
  },
  "2x": {
    "w": {
      "sma": -5.850242747298369,
      "ema": 2.3002119914495385,
      "rsi": 1.1257346516695348,
      "macd": -3.3097804141113576,
      "adx": 0.5747068802449485,
      "trix": -0.7933209122955573,
      "slope": 0.9926856052283372,
      "vol": 3.1781161452507476,
      "atr": -3.336667110407116,
      "vix": -3.6329632690445437,
      "yc": -1.5103292822912167
    },
    "a": {
      "sma": true,
      "ema": false,
      "rsi": true,
      "macd": true,
      "adx": true,
      "trix": false,
      "slope": false,
      "vol": false,
      "atr": false,
      "vix": true,
      "yc": false
    },
    "t": -1.3798039843319667
  },
  "1x": {
    "w": {
      "sma": -1.0839753729113162,
      "ema": -0.7004314306549764,
      "rsi": 0.30687089461849776,
      "macd": 1.6886336637248907,
      "adx": -2.1169812937057526,
      "trix": -1.5387590999379894,
      "slope": -1.071354034069224,
      "vol": -3.9376030963645032,
      "atr": -0.8250111590290004,
      "vix": 0.40325676921017484,
      "yc": 3.008525304509544
    },
    "a": {
      "sma": true,
      "ema": false,
      "rsi": false,
      "macd": false,
      "adx": true,
      "trix": true,
      "slope": true,
      "vol": false,
      "atr": false,
      "vix": true,
      "yc": false
    },
    "t": -0.6688691309281758
  },
  "lock_days": 1.8120904745407174
}