{
    "panic": {
        "w": {
            "sma": -5.613064739574043,
            "ema": 0.666385375353349,
            "rsi": 1.4958422215819935,
            "macd": 1.865807292758981,
            "adx": -7.235774694878257,
            "trix": -2.178926277163676,
            "slope": -1.9287129101579277,
            "vol": 1.2033956322456327,
            "atr": -3.7542304807683684,
            "vix": -0.10058623100535569,
            "yc": 1.5556933272595637
        },
        "a": {
            "sma": true,
            "ema": true,
            "rsi": true,
            "macd": true,
            "adx": true,
            "trix": true,
            "slope": true,
            "vol": true,
            "atr": true,
            "vix": true,
            "yc": true
        },
        "t": 1.1796462409330088
    },
    "3x": {
        "w": {
            "sma": -0.5565150908726094,
            "ema": -1.72918450028198,
            "rsi": -1.5647810809899112,
            "macd": 2.0729849123822257,
            "adx": -1.647795688527395,
            "trix": 1.6924488818194823,
            "slope": -2.393181782038799,
            "vol": 2.2469912526799014,
            "atr": 4.146827030134899,
            "vix": -5.172856534096062,
            "yc": 1.423124986366804
        },
        "a": {
            "sma": true,
            "ema": true,
            "rsi": true,
            "macd": true,
            "adx": true,
            "trix": true,
            "slope": true,
            "vol": true,
            "atr": true,
            "vix": true,
            "yc": true
        },
        "t": -0.5418785725639058
    },
    "2x": {
        "w": {
            "sma": 3.109530696848955,
            "ema": 6.064460853430223,
            "rsi": -5.025363150591403,
            "macd": 3.4148384928252957,
            "adx": -2.253992376005233,
            "trix": 3.2955625417416416,
            "slope": -0.052157731595625756,
            "vol": -1.0021075056578543,
            "atr": -2.793695691221057,
            "vix": -3.7061307141352517,
            "yc": 7.1728020014085265
        },
        "a": {
            "sma": true,
            "ema": true,
            "rsi": true,
            "macd": true,
            "adx": true,
            "trix": true,
            "slope": true,
            "vol": true,
            "atr": true,
            "vix": true,
            "yc": true
        },
        "t": -0.6783961067944037
    },
    "1x": {
        "w": {
            "sma": 0.039948604822002465,
            "ema": -3.6079849889611486,
            "rsi": 1.6514851455793425,
            "macd": -1.9648887219545772,
            "adx": -1.3661125614906342,
            "trix": 1.8481483147297817,
            "slope": 3.4061586147573855,
            "vol": -3.66719332433092,
            "atr": -3.356001866547134,
            "vix": -3.6008873752448634,
            "yc": -2.202494817155108
        },
        "a": {
            "sma": true,
            "ema": true,
            "rsi": true,
            "macd": true,
            "adx": true,
            "trix": true,
            "slope": true,
            "vol": true,
            "atr": true,
            "vix": true,
            "yc": true
        },
        "t": -0.5689655680452809
    },
    "lock_days": 4.4471714280614725
}