{
    "panic": {
        "w": {
            "sma": -6.340414356117593,
            "ema": 0.6074383903263859,
            "rsi": 2.193595649719888,
            "macd": 1.1769268277053682,
            "adx": -8.68790535713576,
            "trix": -3.477360591857609,
            "slope": -1.9992237629051473,
            "vol": 1.128255274221379,
            "atr": -4.790020594309642,
            "vix": 0.2016885164180991,
            "yc": 0.7095038931865029
        },
        "a": {
            "sma": true,
            "ema": true,
            "rsi": true,
            "macd": true,
            "adx": true,
            "trix": false,
            "slope": true,
            "vol": true,
            "atr": true,
            "vix": true,
            "yc": true
        },
        "t": 1.070513020677963
    },
    "3x": {
        "w": {
            "sma": -0.3557425823899165,
            "ema": -2.1513663900487927,
            "rsi": -4.6434005660274655,
            "macd": 2.3405665137883744,
            "adx": 0.08564404624340477,
            "trix": 1.384037177874474,
            "slope": -1.8859436489303014,
            "vol": 1.7659539621862765,
            "atr": 3.7374808745999752,
            "vix": -3.9349271715800316,
            "yc": 3.713962514484808
        },
        "a": {
            "sma": false,
            "ema": false,
            "rsi": true,
            "macd": true,
            "adx": false,
            "trix": true,
            "slope": true,
            "vol": true,
            "atr": true,
            "vix": true,
            "yc": false
        },
        "t": -0.3774620667595756
    },
    "2x": {
        "w": {
            "sma": -1.9377989934662407,
            "ema": 1.401254392094496,
            "rsi": 1.2729143104713967,
            "macd": -0.5781259421821837,
            "adx": -1.7147553116974381,
            "trix": 2.3640810801069403,
            "slope": 3.2640582602413546,
            "vol": -3.856343982099989,
            "atr": -6.188693233023459,
            "vix": -0.453079269873446,
            "yc": 5.611257117517497
        },
        "a": {
            "sma": true,
            "ema": false,
            "rsi": true,
            "macd": true,
            "adx": true,
            "trix": false,
            "slope": true,
            "vol": true,
            "atr": true,
            "vix": false,
            "yc": true
        },
        "t": 0.07567213632004924
    },
    "1x": {
        "w": {
            "sma": -0.6914086065331128,
            "ema": -4.440947514207439,
            "rsi": -2.5712268541100363,
            "macd": -5.699600119699424,
            "adx": 0.11228549156405862,
            "trix": 1.9717394929100691,
            "slope": 0.6771425688787251,
            "vol": -2.6499894186484543,
            "atr": -7.03634524400663,
            "vix": -3.688852092017473,
            "yc": -5.4711108635590575
        },
        "a": {
            "sma": false,
            "ema": true,
            "rsi": true,
            "macd": false,
            "adx": true,
            "trix": true,
            "slope": true,
            "vol": false,
            "atr": true,
            "vix": true,
            "yc": true
        },
        "t": -1.9637404907788958
    },
    "lock_days": 3.818307384948829,
    "version": "v2_multi"
}