{
    "panic": {
        "w": {
            "sma": -6.738155404970431,
            "ema": 0.8351558170498196,
            "rsi": 1.7239099289991995,
            "macd": 1.6815250072933146,
            "adx": -6.868989752177783,
            "trix": -3.4092581826686836,
            "slope": -1.726629821601759,
            "vol": 1.3379599673372284,
            "atr": -3.3421692519319173,
            "vix": -0.35004568140154474,
            "yc": 2.514854246971532
        },
        "a": {
            "sma": true,
            "ema": true,
            "rsi": true,
            "macd": true,
            "adx": true,
            "trix": true,
            "slope": true,
            "vol": true,
            "atr": true,
            "vix": true,
            "yc": true
        },
        "t": 1.1718195782498784
    },
    "3x": {
        "w": {
            "sma": 0.4469983279687855,
            "ema": -1.8948243440270955,
            "rsi": -2.854831163745763,
            "macd": 2.6832599033279796,
            "adx": -1.0389524564727854,
            "trix": 1.6924488818194823,
            "slope": -2.3075730997893804,
            "vol": 1.6591327163335374,
            "atr": 3.820507933019513,
            "vix": -4.012699570067208,
            "yc": 2.5944073626125794
        },
        "a": {
            "sma": true,
            "ema": true,
            "rsi": true,
            "macd": true,
            "adx": true,
            "trix": true,
            "slope": true,
            "vol": true,
            "atr": true,
            "vix": true,
            "yc": true
        },
        "t": -0.5065844905480247
    },
    "2x": {
        "w": {
            "sma": -1.3535834224660825,
            "ema": 1.9240195081492923,
            "rsi": 0.8690083176545225,
            "macd": 0.959933956103713,
            "adx": -1.449451356631919,
            "trix": 1.6262741913651344,
            "slope": 1.8830351042764961,
            "vol": -3.647940814019368,
            "atr": -5.047711486826957,
            "vix": -2.0870999529800915,
            "yc": 5.882459413624336
        },
        "a": {
            "sma": true,
            "ema": true,
            "rsi": true,
            "macd": true,
            "adx": true,
            "trix": true,
            "slope": true,
            "vol": true,
            "atr": true,
            "vix": true,
            "yc": true
        },
        "t": -0.6378848838560317
    },
    "1x": {
        "w": {
            "sma": 0.5547660555655203,
            "ema": -3.745334919348789,
            "rsi": -2.637789034501326,
            "macd": -4.1248521900468464,
            "adx": -1.2990701400496216,
            "trix": 1.9190257893715073,
            "slope": -0.26513018717178416,
            "vol": -2.922979078208063,
            "atr": -5.166699468641896,
            "vix": -4.797448517668609,
            "yc": -4.146938331179462
        },
        "a": {
            "sma": true,
            "ema": true,
            "rsi": true,
            "macd": true,
            "adx": true,
            "trix": true,
            "slope": true,
            "vol": true,
            "atr": true,
            "vix": true,
            "yc": true
        },
        "t": -0.6368333197433231
    },
    "lock_days": 3.961055716441856,
    "version": 2
}