{
  "panic": {
    "w": {
      "sma": -1.9445283745397544,
      "ema": 3.8068779213590527,
      "rsi": 2.775964129109574,
      "macd": 3.433862028644965,
      "adx": 0.9799718278617973,
      "trix": 0.40189393825709646,
      "slope": -0.05849034902542849,
      "vol": -3.77786743638665,
      "atr": -2.285033796633614,
      "vix": 0.0022672756443939956,
      "yc": 1.2596244100801761
    },
    "a": {
      "sma": false,
      "ema": false,
      "rsi": true,
      "macd": false,
      "adx": true,
      "trix": false,
      "slope": false,
      "vol": true,
      "atr": false,
      "vix": true,
      "yc": false
    },
    "t": 1.826848675854115
  },
  "3x": {
    "w": {
      "sma": 4.190532847742387,
      "ema": -3.2151029312095565,
      "rsi": -2.615349894308007,
      "macd": 0.07490895818664878,
      "adx": 3.5716243060793635,
      "trix": 2.4525791905592222,
      "slope": 0.8758540304369402,
      "vol": -1.7690840231277665,
      "atr": 1.1155730788937457,
      "vix": -3.3096072175153677,
      "yc": 4.3657800962304325
    },
    "a": {
      "sma": true,
      "ema": false,
      "rsi": false,
      "macd": false,
      "adx": true,
      "trix": true,
      "slope": false,
      "vol": false,
      "atr": false,
      "vix": false,
      "yc": true
    },
    "t": -0.8995045604617804
  },
  "2x": {
    "w": {
      "sma": 1.1460951658488474,
      "ema": 2.6567826328352795,
      "rsi": 0.42087783207944907,
      "macd": -3.6915784842624264,
      "adx": 0.013975075747250432,
      "trix": 3.5488559932256427,
      "slope": 3.3763472862212964,
      "vol": -0.46370806202980375,
      "atr": 1.8149227017093275,
      "vix": 4.979301095420556,
      "yc": -2.4587742922309266
    },
    "a": {
      "sma": false,
      "ema": false,
      "rsi": true,
      "macd": true,
      "adx": true,
      "trix": false,
      "slope": true,
      "vol": true,
      "atr": true,
      "vix": true,
      "yc": false
    },
    "t": 1.2441698170057993
  },
  "1x": {
    "w": {
      "sma": -4.398175169855027,
      "ema": 3.6500865109517258,
      "rsi": -1.2065247908543424,
      "macd": 1.1069384183268918,
      "adx": 1.4326544124799663,
      "trix": 3.893725690704935,
      "slope": 3.174151724210436,
      "vol": -0.5430886712599177,
      "atr": -3.7270434909098875,
      "vix": -1.2460535425792907,
      "yc": -2.4044498407555084
    },
    "a": {
      "sma": false,
      "ema": true,
      "rsi": true,
      "macd": false,
      "adx": true,
      "trix": false,
      "slope": true,
      "vol": false,
      "atr": true,
      "vix": true,
      "yc": true
    },
    "t": -0.38824118415456976
  },
  "lock_days": 5.560324895689292
}