{
    "brains": {
        "cash": {
            "w": {
                "sma": -4.02201527972938,
                "ema": -2.2227730555791307,
                "rsi": -0.5980412653617696,
                "macd": -1.8242858626966285,
                "adx": -4.028250694486564,
                "trix": 2.1666032780801823,
                "slope": 2.1377195196537464,
                "vol": 4.418956887674028,
                "atr": 1.73135287771442,
                "vix": 2.74348580981922,
                "yc": -2.5207847016164595,
                "mfi": 3.6185085932738232,
                "bbw": -1.0160926190547124
            },
            "a": {
                "sma": false,
                "ema": true,
                "rsi": false,
                "macd": false,
                "adx": true,
                "trix": true,
                "slope": false,
                "vol": true,
                "atr": true,
                "vix": false,
                "yc": false,
                "mfi": false,
                "bbw": true
            }
        },
        "1x": {
            "w": {
                "sma": -4.2940756214823255,
                "ema": 1.0536784489470676,
                "rsi": 1.7085189954014213,
                "macd": -1.2785380951276493,
                "adx": -1.818608074095812,
                "trix": -6.028842346506579,
                "slope": -1.7039903890139523,
                "vol": -2.9746148000398476,
                "atr": -1.1410755633576855,
                "vix": -0.6651764192803651,
                "yc": 3.8802476286888,
                "mfi": -2.4066699530976723,
                "bbw": -4.800114894332683
            },
            "a": {
                "sma": false,
                "ema": false,
                "rsi": true,
                "macd": true,
                "adx": false,
                "trix": true,
                "slope": false,
                "vol": false,
                "atr": false,
                "vix": true,
                "yc": true,
                "mfi": true,
                "bbw": true
            }
        },
        "2x": {
            "w": {
                "sma": 0.516978836956801,
                "ema": -1.3181559326344434,
                "rsi": -1.6796242809231319,
                "macd": 4.095613832181436,
                "adx": -1.7420460339480555,
                "trix": -0.48422415458556145,
                "slope": -0.4666231566975867,
                "vol": -3.2246572731222525,
                "atr": 0.11706719028531841,
                "vix": -1.7553904190834706,
                "yc": -2.9856850599777323,
                "mfi": -1.5598112318807558,
                "bbw": 2.0592397920720407
            },
            "a": {
                "sma": true,
                "ema": false,
                "rsi": false,
                "macd": false,
                "adx": true,
                "trix": false,
                "slope": true,
                "vol": true,
                "atr": false,
                "vix": true,
                "yc": true,
                "mfi": false,
                "bbw": false
            }
        },
        "3x": {
            "w": {
                "sma": 3.362292531334058,
                "ema": 1.4830483517157729,
                "rsi": 4.490556352325542,
                "macd": 2.5550088000082294,
                "adx": 0.6535988182850362,
                "trix": 2.124406697231702,
                "slope": 3.0216547445379174,
                "vol": 0.04043921422697089,
                "atr": 3.8368034026846103,
                "vix": 1.2003011724014794,
                "yc": 3.9562757012387655,
                "mfi": 2.2737716950685587,
                "bbw": 7.42437672342627
            },
            "a": {
                "sma": true,
                "ema": true,
                "rsi": false,
                "macd": false,
                "adx": true,
                "trix": true,
                "slope": false,
                "vol": false,
                "atr": false,
                "vix": true,
                "yc": false,
                "mfi": true,
                "bbw": true
            }
        }
    },
    "lookbacks": {
        "sma": 243,
        "ema": 189,
        "rsi": 25,
        "macd_f": 17,
        "macd_s": 18,
        "adx": 12,
        "trix": 20,
        "slope": 30,
        "vol": 7,
        "atr": 20,
        "mfi": 15,
        "bbw": 59
    },
    "temp": 0.1,
    "lock_days": 9.27060407984603,
    "version": 6.0
}