{
    "brains": {
        "cash": {
            "w": {
                "sma": -3.115059863378563,
                "ema": -1.5616804708345668,
                "rsi": 0.5710995685141117,
                "macd": -2.5337882713533912,
                "adx": -5.157533585722837,
                "trix": 0.7935321789711896,
                "slope": 4.362959306761712,
                "vol": 5.790508019744556,
                "atr": 1.3409587071271405,
                "vix": 1.6568529815827797,
                "yc": -0.9325124807510838,
                "mfi": 3.7111094331967993,
                "bbw": -0.5337360604558465
            },
            "a": {
                "sma": false,
                "ema": true,
                "rsi": false,
                "macd": false,
                "adx": true,
                "trix": true,
                "slope": false,
                "vol": true,
                "atr": true,
                "vix": false,
                "yc": false,
                "mfi": false,
                "bbw": true
            },
            "t": 0.7132931075673563
        },
        "1x": {
            "w": {
                "sma": -4.655105602535346,
                "ema": 0.40303404091015915,
                "rsi": -0.6471331124804774,
                "macd": -0.037978512784448915,
                "adx": -1.7019195709006203,
                "trix": -5.164648942956765,
                "slope": -0.9185914497756201,
                "vol": -2.9338073362371975,
                "atr": -0.6162075387094544,
                "vix": -1.6237927185534897,
                "yc": 4.822876201050361,
                "mfi": 0.533726224165376,
                "bbw": -3.2145397094548502
            },
            "a": {
                "sma": false,
                "ema": false,
                "rsi": true,
                "macd": true,
                "adx": false,
                "trix": true,
                "slope": false,
                "vol": false,
                "atr": false,
                "vix": true,
                "yc": true,
                "mfi": true,
                "bbw": true
            },
            "t": 0.07129556122505529
        },
        "2x": {
            "w": {
                "sma": -0.3082858142268722,
                "ema": -3.924404565800059,
                "rsi": -0.8759344561972151,
                "macd": 4.058758926028359,
                "adx": -0.7387892454819376,
                "trix": -1.6283479081793328,
                "slope": -0.8021084240929964,
                "vol": -1.3307660366435665,
                "atr": 0.09446540647348955,
                "vix": -1.5651564206529884,
                "yc": -1.3698574885136656,
                "mfi": -0.8153876180839569,
                "bbw": 3.3905903915595057
            },
            "a": {
                "sma": true,
                "ema": false,
                "rsi": false,
                "macd": false,
                "adx": true,
                "trix": false,
                "slope": true,
                "vol": true,
                "atr": false,
                "vix": true,
                "yc": true,
                "mfi": false,
                "bbw": false
            },
            "t": -2.576449351769491
        },
        "3x": {
            "w": {
                "sma": 5.93441218342499,
                "ema": 1.5192744210631957,
                "rsi": 4.822815524873046,
                "macd": -0.19515273172858683,
                "adx": 1.7076162005228734,
                "trix": 1.718602129104242,
                "slope": 4.9107748298451455,
                "vol": 0.04076160465450496,
                "atr": 6.350091928800004,
                "vix": 3.103021086214336,
                "yc": 7.406349093634431,
                "mfi": 4.565314259553378,
                "bbw": 8.525312440581379
            },
            "a": {
                "sma": true,
                "ema": true,
                "rsi": false,
                "macd": false,
                "adx": true,
                "trix": true,
                "slope": false,
                "vol": false,
                "atr": false,
                "vix": true,
                "yc": false,
                "mfi": true,
                "bbw": true
            },
            "t": -1.570436062128051
        }
    },
    "lookbacks": {
        "sma": 239,
        "ema": 200,
        "rsi": 36,
        "macd_f": 5,
        "macd_s": 16,
        "adx": 9,
        "trix": 5,
        "slope": 23,
        "vol": 8,
        "atr": 23,
        "mfi": 21,
        "bbw": 60
    },
    "temp": 0.10850115244321125,
    "lock_days": 9.35990531600791,
    "version": "v6_balancer"
}