{
  "brains": {
    "cash": {
      "w": {
        "sma": -4.4687086613994875,
        "ema": -4.053547923719114,
        "rsi": -3.148816180293925,
        "macd": 3.417225198699393,
        "adx": -5.057465876399311,
        "trix": -3.2321816805117956,
        "slope": -1.0958404587692545,
        "vol": -3.947641595663318,
        "atr": 3.757373726369195,
        "vix": -2.1903382225401007,
        "yc": -4.048643416867854
      },
      "a": {
        "sma": true,
        "ema": true,
        "rsi": true,
        "macd": false,
        "adx": true,
        "trix": true,
        "slope": false,
        "vol": false,
        "atr": true,
        "vix": false,
        "yc": false
      }
    },
    "1x": {
      "w": {
        "sma": 3.5149483889033215,
        "ema": -2.2193279229577505,
        "rsi": 0.7437165434257954,
        "macd": 5.146931398880181,
        "adx": 1.3501579264557189,
        "trix": -3.6791494620455065,
        "slope": -0.42630008953466847,
        "vol": -3.0381767788108403,
        "atr": -4.943849987340451,
        "vix": 2.8222734608043747,
        "yc": 1.4869349180756668
      },
      "a": {
        "sma": true,
        "ema": true,
        "rsi": true,
        "macd": true,
        "adx": false,
        "trix": false,
        "slope": false,
        "vol": true,
        "atr": false,
        "vix": true,
        "yc": false
      }
    },
    "2x": {
      "w": {
        "sma": 4.180870902145759,
        "ema": -1.9059124235325515,
        "rsi": 2.9803668842714663,
        "macd": -1.132864236841936,
        "adx": 1.4337266273351477,
        "trix": -3.510765734598218,
        "slope": 1.0281938486124642,
        "vol": 3.4695604692428192,
        "atr": -2.0818888034787584,
        "vix": -2.81182030355642,
        "yc": -3.0306686873868993
      },
      "a": {
        "sma": true,
        "ema": true,
        "rsi": false,
        "macd": true,
        "adx": false,
        "trix": true,
        "slope": false,
        "vol": false,
        "atr": true,
        "vix": true,
        "yc": true
      }
    },
    "3x": {
      "w": {
        "sma": 3.0462617232599056,
        "ema": -3.1150448342826005,
        "rsi": -0.5182278816787832,
        "macd": -1.4865193593300632,
        "adx": -0.33335316016377614,
        "trix": 6.018817929547739,
        "slope": -2.488637522619134,
        "vol": 6.246832163327286,
        "atr": 1.1630291927672554,
        "vix": -1.3493795733314677,
        "yc": 1.8368342568696732
      },
      "a": {
        "sma": true,
        "ema": true,
        "rsi": true,
        "macd": true,
        "adx": false,
        "trix": true,
        "slope": true,
        "vol": true,
        "atr": true,
        "vix": false,
        "yc": true
      }
    }
  },
  "lookbacks": {
    "sma": 300,
    "ema": 33,
    "rsi": 33,
    "macd_f": 25,
    "macd_s": 26,
    "adx": 45,
    "trix": 11,
    "slope": 9,
    "vol": 60,
    "atr": 31
  },
  "temp": 0.1,
  "lock_days": 2.545919125363388,
  "version": 6.0
}