{
  "brains": {
    "cash": {
      "w": {
        "sma": -2.847170920707407,
        "ema": -2.287528225889592,
        "rsi": -5.322957446536779,
        "macd": -3.809977210216772,
        "adx": -0.19269661830832308,
        "trix": 2.8212903095654625,
        "slope": 3.1984238425983094,
        "vol": 2.352589979152639,
        "atr": -1.2629921953585364,
        "vix": 1.410102069232534,
        "yc": 7.267219874286023,
        "mfi": 4.88772035662202,
        "bbw": 1.7506513139222557
      },
      "a": {
        "sma": true,
        "ema": false,
        "rsi": true,
        "macd": true,
        "adx": true,
        "trix": false,
        "slope": true,
        "vol": true,
        "atr": false,
        "vix": true,
        "yc": true,
        "mfi": true,
        "bbw": false
      }
    },
    "1x": {
      "w": {
        "sma": -0.6778715664634393,
        "ema": -2.4650620546749638,
        "rsi": -3.2691935667187,
        "macd": -6.835842655802544,
        "adx": -0.8053875477335866,
        "trix": 1.2656679619758175,
        "slope": 0.8256645117731927,
        "vol": 1.357242059908936,
        "atr": 4.2219580795421034,
        "vix": -1.5278023356247539,
        "yc": -0.6413071483365025,
        "mfi": 3.4814284227425003,
        "bbw": -3.6738914087898005
      },
      "a": {
        "sma": false,
        "ema": false,
        "rsi": false,
        "macd": false,
        "adx": false,
        "trix": true,
        "slope": false,
        "vol": true,
        "atr": false,
        "vix": false,
        "yc": true,
        "mfi": false,
        "bbw": false
      }
    },
    "2x": {
      "w": {
        "sma": 2.440496080186445,
        "ema": 1.6186872986325391,
        "rsi": -1.098588670220748,
        "macd": 2.623827916587251,
        "adx": 0.030575578454136165,
        "trix": 2.1335787801893575,
        "slope": -0.7618261959737915,
        "vol": -3.753013750024161,
        "atr": -4.519870166690679,
        "vix": -2.6599865330737478,
        "yc": -2.431409735637251,
        "mfi": -2.9312810214753036,
        "bbw": -1.724262138298295
      },
      "a": {
        "sma": true,
        "ema": true,
        "rsi": false,
        "macd": true,
        "adx": true,
        "trix": false,
        "slope": true,
        "vol": false,
        "atr": true,
        "vix": true,
        "yc": true,
        "mfi": true,
        "bbw": true
      }
    },
    "3x": {
      "w": {
        "sma": 5.447362308828074,
        "ema": 1.774040529940624,
        "rsi": 0.59892231368274,
        "macd": -2.8868025122429835,
        "adx": 2.3834001695633056,
        "trix": 4.534672642588336,
        "slope": 1.5817436398498361,
        "vol": -4.197025543174697,
        "atr": 0.5228551697802263,
        "vix": -1.0420409897814742,
        "yc": -1.2114087986274413,
        "mfi": -6.158742869170252,
        "bbw": 7.636414166606517
      },
      "a": {
        "sma": true,
        "ema": false,
        "rsi": true,
        "macd": true,
        "adx": true,
        "trix": true,
        "slope": false,
        "vol": true,
        "atr": false,
        "vix": true,
        "yc": false,
        "mfi": true,
        "bbw": true
      }
    }
  },
  "lookbacks": {
    "sma": 268,
    "ema": 183,
    "rsi": 40,
    "macd_f": 17,
    "macd_s": 18,
    "adx": 7,
    "trix": 14,
    "slope": 9,
    "vol": 5,
    "atr": 35,
    "mfi": 46,
    "bbw": 59
  },
  "temp": 0.1,
  "lock_days": 7.13916648387422,
  "version": 6.0
}