{
    "brains": {
        "cash": {
            "w": {
                "sma": -1.9097989077251125,
                "ema": -4.367543104749896,
                "rsi": -1.0571300953847778,
                "macd": 3.3032796003235854,
                "adx": -3.9598168146063344,
                "trix": -1.0492445607017173,
                "slope": 1.4064456906008902,
                "vol": 5.9250299030974505,
                "atr": 0.2758327004016794,
                "vix": 2.675317632507242,
                "yc": -5.376913915054004,
                "mfi": -1.13015372794453,
                "bbw": -0.48627683894454554
            },
            "a": {
                "sma": true,
                "ema": true,
                "rsi": false,
                "macd": true,
                "adx": true,
                "trix": true,
                "slope": false,
                "vol": true,
                "atr": false,
                "vix": false,
                "yc": true,
                "mfi": true,
                "bbw": true
            }
        },
        "1x": {
            "w": {
                "sma": -5.301955537723044,
                "ema": 4.2445067556187235,
                "rsi": 0.4566487427763035,
                "macd": 4.274475009290905,
                "adx": -0.34499184786931214,
                "trix": -6.679876462348297,
                "slope": 0.2491781297730163,
                "vol": -1.8407574749835223,
                "atr": 0.9861933667541019,
                "vix": 5.101589037361276,
                "yc": 0.8130344771147202,
                "mfi": -1.5896064156580174,
                "bbw": -3.4489529123791325
            },
            "a": {
                "sma": true,
                "ema": true,
                "rsi": false,
                "macd": false,
                "adx": false,
                "trix": true,
                "slope": false,
                "vol": false,
                "atr": true,
                "vix": false,
                "yc": false,
                "mfi": false,
                "bbw": true
            }
        },
        "2x": {
            "w": {
                "sma": 2.234003888285137,
                "ema": -4.911898594977154,
                "rsi": -0.843627636845802,
                "macd": 5.0981118848323845,
                "adx": 1.2643680393512962,
                "trix": -2.6840469828663025,
                "slope": -2.056766226496057,
                "vol": -3.2246572731222525,
                "atr": -4.899475147844459,
                "vix": -1.7553904190834706,
                "yc": 7.033664336067468,
                "mfi": 4.425086344787303,
                "bbw": -2.442831919969372
            },
            "a": {
                "sma": true,
                "ema": false,
                "rsi": false,
                "macd": true,
                "adx": false,
                "trix": true,
                "slope": false,
                "vol": true,
                "atr": true,
                "vix": true,
                "yc": false,
                "mfi": false,
                "bbw": false
            }
        },
        "3x": {
            "w": {
                "sma": 5.3212485669303184,
                "ema": 0.48413664820594104,
                "rsi": -4.209895237322019,
                "macd": 1.9249634585807316,
                "adx": 0.6280272173110382,
                "trix": 4.474118414414009,
                "slope": -0.9649472526509226,
                "vol": 2.191175017706164,
                "atr": 3.039650671328526,
                "vix": 2.095831447499063,
                "yc": 1.8330525110504647,
                "mfi": -0.004409354282447903,
                "bbw": 7.900425151415338
            },
            "a": {
                "sma": true,
                "ema": false,
                "rsi": true,
                "macd": true,
                "adx": true,
                "trix": false,
                "slope": false,
                "vol": false,
                "atr": false,
                "vix": true,
                "yc": false,
                "mfi": true,
                "bbw": true
            }
        }
    },
    "lookbacks": {
        "sma": 300,
        "ema": 123,
        "rsi": 34,
        "macd_f": 20,
        "macd_s": 21,
        "adx": 14,
        "trix": 11,
        "slope": 34,
        "vol": 6,
        "atr": 24,
        "mfi": 44,
        "bbw": 60
    },
    "temp": 0.1,
    "lock_days": 9.438139913070987,
    "version": 6.0
}