{
  "brains": {
    "cash": {
      "w": {
        "sma": -3.692252771893226,
        "ema": -2.2632128509148517,
        "rsi": 3.314281344351726,
        "macd": -2.5003030851182237,
        "adx": -3.757580720441288,
        "trix": -0.3464787755500406,
        "slope": 2.4403962022602315,
        "vol": 4.925715758633218,
        "atr": -1.1413353402727666,
        "vix": -0.9649949564270881,
        "yc": 1.5774790628881004,
        "mfi": -2.0759173891709177,
        "bbw": -2.7399577392193697
      },
      "a": {
        "sma": false,
        "ema": true,
        "rsi": true,
        "macd": false,
        "adx": true,
        "trix": true,
        "slope": false,
        "vol": true,
        "atr": false,
        "vix": false,
        "yc": true,
        "mfi": true,
        "bbw": false
      }
    },
    "1x": {
      "w": {
        "sma": -2.6936123949480497,
        "ema": -1.5107966881896124,
        "rsi": -2.1840194054080175,
        "macd": -3.964491892907312,
        "adx": -2.867274551674583,
        "trix": 4.49609323084839,
        "slope": 0.17232054437993216,
        "vol": -1.9182732964120837,
        "atr": 2.373992246423347,
        "vix": -0.4987295023651016,
        "yc": 4.167032975093105,
        "mfi": 0.3676947662073944,
        "bbw": -5.0375711111647865
      },
      "a": {
        "sma": true,
        "ema": true,
        "rsi": true,
        "macd": true,
        "adx": false,
        "trix": false,
        "slope": true,
        "vol": true,
        "atr": false,
        "vix": false,
        "yc": false,
        "mfi": true,
        "bbw": true
      }
    },
    "2x": {
      "w": {
        "sma": -1.417656188198657,
        "ema": -1.7392747244857292,
        "rsi": -1.5027188872435389,
        "macd": 5.293362626198668,
        "adx": 1.1820960239310199,
        "trix": -0.7111662957299911,
        "slope": -3.3150568232518567,
        "vol": -3.468995383966975,
        "atr": -3.723938048313461,
        "vix": 1.3027800500640723,
        "yc": -1.6482261706472068,
        "mfi": -3.3985618525425276,
        "bbw": -2.1173159998652533
      },
      "a": {
        "sma": false,
        "ema": false,
        "rsi": true,
        "macd": false,
        "adx": false,
        "trix": false,
        "slope": true,
        "vol": true,
        "atr": false,
        "vix": false,
        "yc": true,
        "mfi": true,
        "bbw": false
      }
    },
    "3x": {
      "w": {
        "sma": 4.582102697801507,
        "ema": 4.499405906097826,
        "rsi": 4.094020605061839,
        "macd": 4.232726398851927,
        "adx": 3.154638724880602,
        "trix": -1.4496298666567582,
        "slope": 1.674816022198226,
        "vol": 2.0231909138490405,
        "atr": 3.5215187808756365,
        "vix": 1.8153992787400501,
        "yc": -2.037556422408487,
        "mfi": -4.538216855610051,
        "bbw": 6.8720954504587795
      },
      "a": {
        "sma": true,
        "ema": false,
        "rsi": true,
        "macd": false,
        "adx": true,
        "trix": true,
        "slope": false,
        "vol": false,
        "atr": false,
        "vix": false,
        "yc": false,
        "mfi": false,
        "bbw": true
      }
    }
  },
  "lookbacks": {
    "sma": 239,
    "ema": 152,
    "rsi": 12,
    "macd_f": 23,
    "macd_s": 24,
    "adx": 12,
    "trix": 49,
    "slope": 50,
    "vol": 6,
    "atr": 17,
    "mfi": 53,
    "bbw": 59
  },
  "temp": 0.1,
  "lock_days": 8.374724088539923,
  "version": 6.0
}