{
    "panic": {
        "w": {
            "sma": -2.6331708549805968,
            "ema": -2.9271787766296407,
            "rsi": 0.9942883841667621,
            "macd": 1.0864036780011064,
            "adx": -0.12143814769177058,
            "trix": 3.151449742418658,
            "slope": 0.02688432687698583,
            "vol": -2.919383712958976,
            "atr": -6.073422917603017,
            "vix": 2.97426820617008,
            "yc": 2.5022256706728307
        },
        "a": {
            "sma": true,
            "ema": true,
            "rsi": false,
            "macd": true,
            "adx": true,
            "trix": false,
            "slope": true,
            "vol": false,
            "atr": true,
            "vix": true,
            "yc": false
        },
        "t": 1.5556329187181417,
        "lookbacks": {
            "sma": 151,
            "ema": 166,
            "rsi": 29,
            "macd_f": 20,
            "macd_s": 41,
            "adx": 49,
            "trix": 22,
            "slope": 14,
            "vol": 18,
            "atr": 14
        }
    },
    "bull": {
        "w": {
            "sma": 4.173074741386928,
            "ema": 3.892062499150094,
            "rsi": 0.8134402124486236,
            "macd": -1.9692062917573512,
            "adx": 3.9057263124357493,
            "trix": 0.38379899387713046,
            "slope": -3.4121473915784044,
            "vol": 1.1650595821458303,
            "atr": 2.3217284852329847,
            "vix": -3.732519904964973,
            "yc": 2.3877031313570436
        },
        "a": {
            "sma": true,
            "ema": false,
            "rsi": false,
            "macd": false,
            "adx": false,
            "trix": true,
            "slope": true,
            "vol": true,
            "atr": true,
            "vix": false,
            "yc": false
        },
        "t": -1.150626806587972,
        "lookbacks": {
            "sma": 58,
            "ema": 127,
            "rsi": 37,
            "macd_f": 27,
            "macd_s": 28,
            "adx": 10,
            "trix": 50,
            "slope": 6,
            "vol": 6,
            "atr": 36
        }
    },
    "lock_days": 6.024442757939263,
    "version": "v3_precision"
}