{
    "panic_weights": {
        "sma": 0.47668046721985086,
        "ema": 1.1401650992911958,
        "rsi": 2.9582695315742944,
        "macd": -0.032699017917803275,
        "adx": 0.7119843748459957,
        "trix": -1.2157386991115169,
        "slope": -0.6124301679093782,
        "vol": -1.3863203665176118,
        "atr": 1.4369409934238613
    },
    "panic_active": {
        "sma": true,
        "ema": true,
        "rsi": true,
        "macd": false,
        "adx": true,
        "trix": false,
        "slope": false,
        "vol": false,
        "atr": true
    },
    "base_weights": {
        "sma": 2.434169412595045,
        "ema": -3.859188529405648,
        "rsi": -2.221598039434832,
        "macd": 0.6104343806570597,
        "adx": 2.7114284977888774,
        "trix": -0.2362287859773371,
        "slope": 0.6625175969513114,
        "vol": 1.4482545646926304,
        "atr": 0.7286214569668528
    },
    "base_active": {
        "sma": true,
        "ema": false,
        "rsi": true,
        "macd": false,
        "adx": true,
        "trix": true,
        "slope": true,
        "vol": true,
        "atr": false
    },
    "base_thresholds": {
        "tier_1x": -0.3258993712117454,
        "tier_2x": 0.07106814480177676,
        "tier_3x": 0.1584190786875401
    },
    "panic_threshold": 2.860425771530465,
    "lock_days": 1.9885652420558326
}