{
    "horizon": 20,
    "generated_at": "2026-05-02T18:15:25.932022",
    "profiles": {
        "SMA_DIST": {
            "name": "SMA_DIST",
            "bullish": {
                "thresh": -0.15974180267595092,
                "precision": 0.30209205020920504,
                "freq": 0.9998804685632321,
                "score": 0.3020739949212465,
                "lookback": 10.0
            },
            "bearish": {
                "thresh": 0.09954466523831518,
                "precision": 0.154694807530879,
                "freq": 0.9967726512072675,
                "score": 0.15444497874666127,
                "lookback": 50.0
            }
        },
        "EMA_DIST": {
            "name": "EMA_DIST",
            "bullish": {
                "thresh": -0.14013076715503028,
                "precision": 0.30209205020920504,
                "freq": 0.9998804685632321,
                "score": 0.3020739949212465,
                "lookback": 10.0
            },
            "bearish": {
                "thresh": 0.057176829412395574,
                "precision": 0.15430622009569378,
                "freq": 0.9992828113793928,
                "score": 0.15425087683845465,
                "lookback": 10.0
            }
        },
        "RSI": {
            "name": "RSI",
            "bullish": {
                "thresh": 97.78718172488601,
                "precision": 0.15421398684997012,
                "freq": 0.9998804685632321,
                "score": 0.15420476986482307,
                "lookback": 5.0
            },
            "bearish": {
                "thresh": 2.9520465978184376,
                "precision": 0.30197250448296475,
                "freq": 0.9998804685632321,
                "score": 0.3019544563399559,
                "lookback": 5.0
            }
        },
        "MFI": {
            "name": "MFI",
            "bullish": {
                "thresh": 70.8439998929087,
                "precision": 0.15543978677005088,
                "freq": 0.9866124790819986,
                "score": 0.1543958042138141,
                "lookback": 40.0
            },
            "bearish": {
                "thresh": 8.754735885258697,
                "precision": 0.30209205020920504,
                "freq": 0.9998804685632321,
                "score": 0.3020739949212465,
                "lookback": 15.0
            }
        },
        "TRIX": {
            "name": "TRIX",
            "bullish": {
                "thresh": -0.29763650619956344,
                "precision": 0.3036164844407065,
                "freq": 0.9948601482189816,
                "score": 0.3028352073711569,
                "lookback": 60.0
            },
            "bearish": {
                "thresh": 0.18343208381723142,
                "precision": 0.15912518853695323,
                "freq": 0.9509921109251733,
                "score": 0.15517701316017699,
                "lookback": 25.0
            }
        },
        "ADX": {
            "name": "ADX",
            "bullish": {
                "thresh": 7.344850479916851,
                "precision": 0.30453223460979156,
                "freq": 0.9863734162084629,
                "score": 0.30245025069369935,
                "lookback": 28.0
            },
            "bearish": null
        },
        "SLOPE": {
            "name": "SLOPE",
            "bullish": {
                "thresh": -12.311934089859507,
                "precision": 0.30212816834050693,
                "freq": 0.9997609371264643,
                "score": 0.3020920523678311,
                "lookback": 40.0
            },
            "bearish": {
                "thresh": 3.1506912081842238,
                "precision": 0.15534682080924855,
                "freq": 0.9925890509203921,
                "score": 0.1547701166516292,
                "lookback": 50.0
            }
        },
        "VOL": {
            "name": "VOL",
            "bullish": null,
            "bearish": {
                "thresh": 0.8021114293665099,
                "precision": 0.15439856373429084,
                "freq": 0.9986851541955535,
                "score": 0.1542970251945622,
                "lookback": 40.0
            }
        }
    }
}