{
    "horizon": 20,
    "generated_at": "2026-05-03T22:45:15.302175",
    "profiles": {
        "SMA_DIST": {
            "name": "SMA_DIST",
            "bullish": {
                "thresh": -0.019807645710908928,
                "precision": 0.452416918429003,
                "freq": 0.15825962228065982,
                "condition": "less",
                "score": 0.05981639058356019,
                "lookback": 30
            },
            "bearish": {
                "thresh": -0.019773752434151304,
                "precision": 0.2978571428571429,
                "freq": 0.16734401147501793,
                "condition": "less",
                "score": 0.05876865544999267,
                "lookback": 290
            }
        },
        "EMA_DIST": {
            "name": "EMA_DIST",
            "bullish": {
                "thresh": -0.010741362791635373,
                "precision": 0.43176328502415456,
                "freq": 0.19794405928759265,
                "condition": "less",
                "score": 0.05770797082786014,
                "lookback": 30
            },
            "bearish": {
                "thresh": -0.002874139526656938,
                "precision": 0.2764175257731959,
                "freq": 0.18551278986373415,
                "condition": "less",
                "score": 0.05264246489056139,
                "lookback": 250
            }
        },
        "RSI": {
            "name": "RSI",
            "bullish": {
                "thresh": 46.04429657427123,
                "precision": 0.43619322278298484,
                "freq": 0.16579010279703563,
                "condition": "less",
                "score": 0.05461712087493868,
                "lookback": 25
            },
            "bearish": {
                "thresh": 51.35158748412901,
                "precision": 0.22624952308279284,
                "freq": 0.3132918957685871,
                "condition": "less",
                "score": 0.040330396587049046,
                "lookback": 60
            }
        },
        "MFI": {
            "name": "MFI",
            "bullish": {
                "thresh": 44.47078832092012,
                "precision": 0.45035233824471493,
                "freq": 0.186588572794645,
                "condition": "less",
                "score": 0.06405796274288764,
                "lookback": 55
            },
            "bearish": {
                "thresh": 51.25873140455478,
                "precision": 0.17796823796319636,
                "freq": 0.4741812096581401,
                "condition": "less",
                "score": 0.01637006475519955,
                "lookback": 60
            }
        },
        "TRIX": {
            "name": "TRIX",
            "bullish": {
                "thresh": -0.09135550150178218,
                "precision": 0.5062713797035348,
                "freq": 0.10482907004542194,
                "condition": "less",
                "score": 0.06611948144330626,
                "lookback": 30
            },
            "bearish": {
                "thresh": -0.011682471433543729,
                "precision": 0.2706812652068126,
                "freq": 0.1965096820463782,
                "condition": "less",
                "score": 0.051637431780242646,
                "lookback": 55
            }
        },
        "ADX": {
            "name": "ADX",
            "bullish": {
                "thresh": 12.942960315440981,
                "precision": 0.33286068769939736,
                "freq": 0.6743963662443223,
                "condition": "greater",
                "score": 0.025297363247552624,
                "lookback": 28
            },
            "bearish": null
        },
        "SLOPE": {
            "name": "SLOPE",
            "bullish": {
                "thresh": -1.7363168676405207,
                "precision": 0.6273148148148148,
                "freq": 0.05163758068371982,
                "condition": "less",
                "score": 0.07391151386136821,
                "lookback": 80
            },
            "bearish": {
                "thresh": -2.630478253583591,
                "precision": 0.5172413793103449,
                "freq": 0.017332058331341143,
                "condition": "less",
                "score": 0.047795446029015434,
                "lookback": 100
            }
        },
        "VOL": {
            "name": "VOL",
            "bullish": null,
            "bearish": {
                "thresh": 0.16126830770759162,
                "precision": 0.22387587080430651,
                "freq": 0.3774802773129333,
                "condition": "greater",
                "score": 0.0428111853617868,
                "lookback": 60
            }
        }
    }
}